Trek,Cost,Time,Trip Grade,Max Altitude,Accommodation,Best Travel Time,Contact or Book your Trip
Everest Base Camp Trek,"$1,420",16 Days,Moderate,5545 m,Hotel/Guesthouse,March - May & Sept - Dec,https://www.nepalhikingteam.com
Everest Base Camp Short Trek,"$1,295",14 Days,Moderate,5545 m,Hotel/Guesthouse,March - May & Sept - Dec,https://www.nepalhikingteam.com
Everest Base Camp Heli Shuttle Trek,"$2,000",12 Days,Moderate,5545 m,Hotel/Guesthouse,March - May & Sept - Dec,https://www.nepalhikingteam.com
Everest Base Camp Heli Trek,"$3,300",11 Days,Moderate,5545 m,Hotel/Guesthouse,March - May & Sept - Dec,https://www.nepalhikingteam.com
Everest Base Camp Trek for Seniors,"$1,800",20 Days,Moderate,5545 m,Hotel/Guesthouse,March - May & Sept - Dec,https://www.nepalhikingteam.com
Everest Chola Pass Trek,"$1,720",19 Days,Strenuous,5545 m,Hotel/Guesthouse,March - May & Sept - Dec,https://www.nepalhikingteam.com
Gokyo Lake Renjo La Pass Trek,"$1,450",16 Days,Moderate,5360 m,Hotel/Guesthouse,March - May & Sept - Dec.,https://www.nepalhikingteam.com
Everest High Passes Trek,"$1,950",22 Days,Strenuous,5545 m,Hotel/Guesthouse,April - May & Sept - Nov,https://www.nepalhikingteam.com
Short Everest Trek,"$1,060",7 Days,Easy To Moderate,3900 m,Hotel/Guesthouse,March - May & Sept - Dec.,https://www.nepalhikingteam.com
Everest Panorama Trek,"$1,150",10 Days,Easy To Moderate,3860 m,Hotel/Guesthouse,Jan - May & Sept - Dec,https://www.nepalhikingteam.com
Everest View Trek,"$1,100",9 Days,Easy To Moderate,3860 m,Hotel/Guesthouse,Jan - May & Sept - Dec,https://www.nepalhikingteam.com
Luxury Everest Base Camp Heli Trek,"$4,200",11 Days,Moderate,5545 m,Hotel/Teahouse,March-May & Sept-Dec.,https://www.nepalhikingteam.com
Everest Base Camp Trek with Chola and Renjo La Pass,"$1,900",21 Days,Strenuous,5545 m,Hotel/Guesthouse,March - May & Sept - Nov,https://www.nepalhikingteam.com
Annapurna Base Camp Trek,"$1,090",14 Days,Moderate,4210 m,Hotel/Guesthouse,March - May & Sept - Dec,https://www.nepalhikingteam.com
Annapurna Base Camp Short Trek,"$1,090",11 Days,Easy To Moderate,4210 m,Hotel/Teahouses,March - May & Sept - Dec,https://www.nepalhikingteam.com
Instant Annapurna Base Camp Trek,$980,9 Days,Moderate,4230 m,Hotel/Guest Houses,March - May & Sept - Dec.,https://www.nepalhikingteam.com
Annapurna Base Camp Heli Trek,"$1,750",9 Days,Easy To Moderate,4210 m,Hotel/Teahouses,March - May & Sept - Dec,https://www.nepalhikingteam.com
Mardi Himal Trek,$850,9 Days,Easy To Moderate,4200 m,Hotel/Guesthouses,March - May & Sept - Dec,https://www.nepalhikingteam.com
Mardi Himal Trekking,$850,8 Days,Easy To Moderate,4200 m,Hotel/Guesthouse,March-May & Sept-Dec.,https://www.nepalhikingteam.com
Classic Annapurna Circuit Trek,"$1,350",18 Days,Moderate,5416 m,Hotel/Teahouses,March - May & Sept - Nov,https://www.nepalhikingteam.com
Annapurna Circuit Trek,"$1,250",14 Days,Moderate,5416 m,Hotel/Teahouses,March-May & Sept-Dec,https://www.nepalhikingteam.com
Annapurna Circuit Short Trek,"$1,250",12 Days,Strenuous,5416 m,Hotel/Guesthouse,March - May & Sept - Nov.,https://www.nepalhikingteam.com
Annapurna Luxury Trek,"$1,450",9 Days,Easy To Moderate,2012 m,Hotel/Luxury Lodges,March - May & Setpt - Dec,https://www.nepalhikingteam.com
Annapurna Panorama Trek,$860,9 Days,Easy,3210 m,Hotel/Teahouse,Jan - May & Sept - Dec,https://www.nepalhikingteam.com
Annapurna Tilicho Lake Trek,"$1,450",17 Days,Strenuous,5416 m,Hotel/Guesthouse,March - May & Sept - Nov,https://www.nepalhikingteam.com
Short Annapurna Trek,$590,5 Days,Easy,1990 m,Hotel/Lodges,Jan- May & Sept - Dec,https://www.nepalhikingteam.com
Manaslu Circuit Trek,"$1,450",15 Days,Strenuous,5106 m,Hotel/Guesthouse,March - May & Sept - Nov,https://www.nepalhikingteam.com
Manaslu Circuit Trekking,"$1,380",14 Days,Moderate,5220 m,Hotel/Teahouses,March - May & Setpt - Nov,https://www.nepalhikingteam.com
Tsum Valley with Manaslu Trek,"$1,850",20 Days,Strenuous,5220 m,Hotel/Guesthouse,March - May & Sept - Nov,https://www.nepalhikingteam.com
Upper Mustang Trek,"$2,150",17 Days,Easy To Moderate,4210 m,Hotel/Guesthouse,March - May & Sept - Nov.,https://www.nepalhikingteam.com
Upper Mustang Trek with Yara,"$2,300",18 Days,Easy To Moderate,4200 m,Hotel/Lodges,March - Nov,https://www.nepalhikingteam.com
Upper Mustang Tiji Festival Trek,"$2,150",18 Days,Easy To Moderate,4210 m,Hotel/Teahouses,March - May & Sept - Nov,https://www.nepalhikingteam.com
Langtang Valley Trek,$750,10 Days,Easy To Moderate,5050 m,Hotel/Teahouse,March-May & Sept-Dec,https://www.nepalhikingteam.com
Langtang Gosaikunda Trek,"$1,180",16 Days,Easy To Moderate,4600 m,Hotel/Guesthouse,March - May & Sept - Dec,https://www.nepalhikingteam.com
Tamang Heritage Trek,$920,14 Days,Easy To Moderate,5050 m,Hotel/Guesthouse,March - May & Sept - Dec,https://www.nepalhikingteam.com
Tamang Heritage Trail,$750,8 Days,Easy,2607 m,Teahouses/Lodges,Jan - May & Sept - Dec,https://www.nepalhikingteam.com
Helambu Trek,$780,9 Days,Easy,3650 m,Hotel/Guesthouse,Jan - May & Sept- Dec,https://www.nepalhikingteam.com
Annapurna Base Camp Trek,"$1,499",11 Days,Moderate+Demanding,4130 m,Hotel/Guesthouse,Jan - May & Sept - Dec,https://www.himalayanglacier.com
Everest Base Camp Trek for Youths,"$1,750",14 Days,Demanding,5545 m,Hotel/Guesthouse,Jan - May & Sept - Dec,https://www.himalayanglacier.com
Everest Base Camp Short Trek,"$1,499",14 Days,Demanding,5545 m,Hotel/Guesthouse,Jan - May & Sept - Dec,https://www.himalayanglacier.com
Everest Base Camp Trek,"$1,499",16 Days,Moderate+Demanding,5545 m,Hotel/Guesthouse,Jan - May & Sept - Dec,https://www.himalayanglacier.com
Annapurna Circuit Trek,"$1,499",17 Days,Demanding,5416 m,Hotel/Guesthouse,Jan - May & Sept - Dec,https://www.himalayanglacier.com
Everest Base Camp Luxury Lodge Trek,"$1,499",15 Days,Demanding,5545 m,Hotel/Guesthouse,Jan - May & Sept - Dec,https://www.himalayanglacier.com
Everest Base Camp Trek via Gokyo Lakes and Cho La Pass,"$1,499",18 days,Demanding,5545 m,Hotel/Guesthouse,Jan - May & Sept - Dec,https://www.himalayanglacier.com
Upper Mustang Trek,"$1,499",17 Days,Moderate+Demanding,3870 m,Hotel/Guesthouse,Jan - May & Sept - Dec,https://www.himalayanglacier.com
Everest Advanced Base Camp Trek from Tibet,"$1,499",18 Days,Moderate+Demanding,6340 m,Hotel/Guesthouse,Jan - May & Sept - Dec,https://www.himalayanglacier.com
Gokyo Lakes and Gokyo Ri Trek,"$1,499",14 Days,Moderate+Demanding,5357 m,Hotel/Guesthouse,Jan - May & Sept - Dec,https://www.himalayanglacier.com
Mardi Himal Trek,"$1,499",10 Days,Moderate,3540 m,Hotel/Guesthouse,Jan - May & Sept - Dec,https://www.himalayanglacier.com
Manaslu Circuit Trek,"$1,499",18 Days,Demanding,5160 m,Hotel/Guesthouse,Jan - May & Sept - Dec,https://www.himalayanglacier.com
Langtang Valley Trek,"$1,499",11 Days,Moderate+Demanding,5000 m,Hotel/Guesthouse,Jan - May & Sept - Dec,https://www.himalayanglacier.com
Annapurna Sanctuary Trek,"$1,499",14 Days,Moderate+Demanding,4130 m,Hotel/Guesthouse,Jan - May & Sept - Dec,https://www.himalayanglacier.com
Rara Lake Trek,"$1,499",15 Days,Moderate,3055 m,Hotel/Guesthouse,Jan - May & Sept - Dec,https://www.himalayanglacier.com
Everest High Passes Trek,"$1,499",20 Days,Demanding,5546 m,Hotel/Guesthouse,Jan - May & Sept - Dec,https://www.himalayanglacier.com
Kanchenjunga Circuit Trek,"$1,499",25 Days,Demanding,5143 m,Hotel/Guesthouse,Jan - May & Sept - Dec,https://www.himalayanglacier.com
Everest View Trek,"$1,499",12 Days,Light+Moderate,3870 m,Hotel/Guesthouse,Jan - May & Sept - Dec,https://www.himalayanglacier.com
Tsum Valley Trek,"$1,499",19 Days,Demanding,6000 m,Hotel/Guesthouse,Jan - May & Sept - Dec,https://www.himalayanglacier.com
The Royal Trek,"$1,499",9 Days,Moderate,1730 m,Hotel/Guesthouse,Jan - May & Sept - Dec,https://www.himalayanglacier.com
Makalu Base Camp Trek,"$1,499",22 Days,Demanding+Challenging,4870 m,Hotel/Guesthouse,Jan - May & Sept - Dec,https://www.himalayanglacier.com
"Langtang, Gosainkunda and Helambu Trek","$1,499",17 Days,Moderate,5000 m,Hotel/Guesthouse,Jan - May & Sept - Dec,https://www.himalayanglacier.com
Nar Phu Valley Trek,"$1,499",19 Days,Demanding,5416 m,Hotel/Guesthouse,Jan - May & Sept - Dec,https://www.himalayanglacier.com
Annapurna Circle Trek,"$1,499",14 Days,Demanding,5416 m,Hotel/Guesthouse,Jan - May & Sept - Dec,https://www.himalayanglacier.com
Everest Kangshung Face Trek,"$1,499",21 Days,Demanding+Challenging,5320 m,Hotel/Guesthouse,Jan - May & Sept - Dec,https://www.himalayanglacier.com
Tsum Valley and Manaslu Trek,"$1,499",27 Days,Demanding,4460 m,Hotel/Guesthouse,Jan - May & Sept - Dec,https://www.himalayanglacier.com
Khopra Ridge Community Trek,"$1,499",13 Days,Moderate+Demanding,4500 m,Hotel/Guesthouse,Jan - May & Sept - Dec,https://www.himalayanglacier.com
Nepal Experience Tour,"$1,499",12 Days,Light,3210 m,Hotel/Guesthouse,Jan - May & Sept - Dec,https://www.himalayanglacier.com
Annapurna Circuit Trek with Tilicho Lake and Poon Hill,"$1,499",20 Days,Demanding,5416 m,Hotel/Guesthouse,Jan - May & Sept - Dec,https://www.himalayanglacier.com
Annapurna With Tilicho Lake Trek,"$1,499",17 Days,Demanding,5416 m,Hotel/Guesthouse,Jan - May & Sept - Dec,https://www.himalayanglacier.com
Langtang Valley Trek with Ganja la Pass,"$1,499",14 Days,Demanding+Challenging,5122 m,Hotel/Guesthouse,Jan - May & Sept - Dec,https://www.himalayanglacier.com
Tamang Heritage Trek,"$1,499",14 Days,Moderate,3870 m,Hotel/Guesthouse,Jan - May & Sept - Dec,https://www.himalayanglacier.com
Manaslu and Annapurna Trek with Tilicho Lake,"$1,499",25 Days,Demanding,5416 m,Hotel/Guesthouse,Jan - May & Sept - Dec,https://www.himalayanglacier.com
Nepal Trekking and Everest Himalaya Heli Tour,"$1,499",7 Days,Moderate,5545 m,Hotel/Guesthouse,Jan - May & Sept - Dec,https://www.himalayanglacier.com
Nepal Hiking and Culture Tour,"$1,499",8 Days,Moderate,1550 m,Hotel/Guesthouse,Jan - May & Sept - Dec,https://www.himalayanglacier.com
Annapurna Sunrise and Everest View Trek,"$1,499",17 Days,Moderate,3870 m,Hotel/Guesthouse,Jan - May & Sept - Dec,https://www.himalayanglacier.com
Tenzing Hillary Everest Marathon,"$1,499",20 Days,Demanding+Challenging,5545 m,Hotel/Guesthouse,Jan - May & Sept - Dec,https://www.himalayanglacier.com
Everest Base Camp Trek,"$1,450",16 Days,Moderate-Hard,5545 m,Hotel/Guesthouse,Jan - May & Sept - Dec,https://www.adventurehimalayacircuit.com
Everest Kalapathar Trekking,"$1,390",15 Days,Moderate-Hard,5545 m,Hotel/Guesthouse,Jan - May & Sept - Dec,https://www.adventurehimalayacircuit.com
Everest Panorama Trek,"$1,040",10 Days,Easy-Moderate,3860 m,Hotel/Guesthouse,Jan - May & Sept - Dec,https://www.adventurehimalayacircuit.com
Everest Base Camp Trek via Gokyo Lake,"$1,530",19 Days,Moderate-Hard,5545 m,Hotel/Guesthouse,Jan - May & Sept - Dec,https://www.adventurehimalayacircuit.com
Gokyo Lake Trek,"$1,190",13 Days,Moderate,5357 m,Hotel/Guesthouse,Jan - May & Sept - Dec,https://www.adventurehimalayacircuit.com
Everest Base Camp Heli Trek,"$3,600",9 Days,Moderate,5545 m,Hotel/Guesthouse,Jan - May & Sept - Dec,https://www.adventurehimalayacircuit.com
Annapurna Circuit Trek,"$1,100",19 Days,Moderate-Hard,5416 m,Hotel/Guesthouse,Jan - May & Sept - Dec,https://www.adventurehimalayacircuit.com
Annapurna Base Camp Trek,"$1,090",16 Days,Moderate,4130 m,Hotel/Guesthouse,Jan - May & Sept - Dec,https://www.adventurehimalayacircuit.com
Ghorepani Poon Hill Trek,$450,10 Days,Easy,3210 m,Hotel/Guesthouse,Jan - May & Sept - Dec,https://www.adventurehimalayacircuit.com
Upper Mustang Trek,"$2,100",17 Days,Moderate-Hard,4200 m,Hotel/Guesthouse,Jan - May & Sept - Dec,https://www.adventurehimalayacircuit.com
Mardi Himal Trek,$590,9 Days,Easy-Moderate,4500 m,Hotel/Guesthouse,Jan - May & Sept - Dec,https://www.adventurehimalayacircuit.com
Langtang Valley Trekking,$690,11 Days,Moderate,4773 m,Hotel/Guesthouse,Jan - May & Sept - Dec,https://www.adventurehimalayacircuit.com
Manaslu Circuit Trek,"$1,190",17 Days,Moderate-Hard,5220 m,Hotel/Guesthouse,Jan - May & Sept - Dec,https://www.adventurehimalayacircuit.com
